Avenues Clinic,,,,,,,,,,,,,,,,,,,,,,,,,,,,,,,,,,,,,,,,,,,,,,,,,,,,,,,,,,,,,,,,,,,,,,,,,,,,,,,,,,,,,,,,,,,,,,,,,,,,,,,,,,,,,,,,,,,,,,,,,,,,,,,,,,,,,,,,,,,,,,,,,,,,,,,,,,,,,,,,,,,,,,,,,,,,,,,,,,,,,,,,,,,,,,,,,,,,,,,,,,,,,,,,,,,,,,,,,,,,,,,,,,,,,,,,,,,,,,,,,,,,,,,,,,,,,,,,,,,,,,,,,,,,,,,,,,,,,,,,,,,,,,,,,,,,,,,,,,,,,,,,,,,,,,,,,,,,,,,,,,
Management Dashboard Report With Capture Date 01/01/2024 To 31/01/2024,,,,,,,,,,,,,,,,,,,,,,,,,,,,,,,,,,,,,,,,,,,,,,,,,,,,,,,,,,,,,,,,,,,,,,,,,,,,,,,,,,,,,,,,,,,,,,,,,,,,,,,,,,,,,,,,,,,,,,,,,,,,,,,,,,,,,,,,,,,,,,,,,,,,,,,,,,,,,,,,,,,,,,,,,,,,,,,,,,,,,,,,,,,,,,,,,,,,,,,,,,,,,,,,,,,,,,,,,,,,,,,,,,,,,,,,,,,,,,,,,,,,,,,,,,,,,,,,,,,,,,,,,,,,,,,,,,,,,,,,,,,,,,,,,,,,,,,,,,,,,,,,,,,,,,,,,,,,,,,,,,
Date,Admissions-CASUALTY PATIENT,Admissions-DAY PATIENT,Admissions-IN-PATIENT,Admissions Per Ward-CORONARY CARE UNIT,Admissions Per Ward-HIGH DEPENDENCY UNIT,Admissions Per Ward-INTENSIVE CARE UNIT,Admissions Per Ward-NEO NATAL INTENSIVE CARE UNIT,Admissions Per Ward-NEO NATAL UNIT,Admissions Per Ward-ST CLEMENTS,Admissions Per Ward-WARD 1 NORTH,Admissions Per Ward-WARD 1 SOUTH,Admissions Per Ward-WARD 2 NORTH,Admissions Per Ward-WARD 2 SOUTH PAEDS,Admissions Per Ward-WARD 2 SOUTH PRIVATE,Discharges-CASUALTY PATIENT,Discharges-DAY PATIENT,Discharges-IN-PATIENT,Discharges Per Ward-CORONARY CARE UNIT,Discharges Per Ward-HIGH DEPENDENCY UNIT,Discharges Per Ward-INTENSIVE CARE UNIT,Discharges Per Ward-NEO NATAL INTENSIVE CARE UNIT,Discharges Per Ward-NEO NATAL UNIT,Discharges Per Ward-ST CLEMENTS,Discharges Per Ward-WARD 1 NORTH,Discharges Per Ward-WARD 1 SOUTH,Discharges Per Ward-WARD 2 NORTH,Discharges Per Ward-WARD 2 SOUTH PAEDS,Discharges Per Ward-WARD 2 SOUTH PRIVATE,Discharges Per Ward-WARD 3 NORTH,Patients Transferred Fom Casualty To In Patient,Patients At Midday Per Ward-CORONARY CARE UNIT,Patients At Midday Per Ward-HIGH DEPENDENCY UNIT,Patients At Midday Per Ward-INTENSIVE CARE UNIT,Patients At Midday Per Ward-NEO NATAL INTENSIVE CARE UNIT,Patients At Midday Per Ward-NEO NATAL UNIT,Patients At Midday Per Ward-ST CLEMENTS,Patients At Midday Per Ward-WARD 1 NORTH,Patients At Midday Per Ward-WARD 1 SOUTH,Patients At Midday Per Ward-WARD 2 NORTH,Patients At Midday Per Ward-WARD 2 SOUTH PAEDS,Patients At Midday Per Ward-WARD 2 SOUTH PRIVATE,Patients At Midday Per Ward-WARD 3 NORTH,Patients At Midnight Per Ward-CORONARY CARE UNIT,Patients At Midnight Per Ward-HIGH DEPENDENCY UNIT,Patients At Midnight Per Ward-INTENSIVE CARE UNIT,Patients At Midnight Per Ward-NEO NATAL INTENSIVE CARE UNIT,Patients At Midnight Per Ward-NEO NATAL UNIT,Patients At Midnight Per Ward-ST CLEMENTS,Patients At Midnight Per Ward-WARD 1 NORTH,Patients At Midnight Per Ward-WARD 1 SOUTH,Patients At Midnight Per Ward-WARD 2 NORTH,Patients At Midnight Per Ward-WARD 2 SOUTH PAEDS,Patients At Midnight Per Ward-WARD 2 SOUTH PRIVATE,Patients At Midnight Per Ward-WARD 3 NORTH,Billed Patient Days Per Ward-CORONARY CARE UNIT,Billed Patient Days Per Ward-HIGH DEPENDENCY UNIT,Billed Patient Days Per Ward-INTENSIVE CARE UNIT,Billed Patient Days Per Ward-NEO NATAL INTENSIVE CARE UNIT,Billed Patient Days Per Ward-NEO NATAL UNIT,Billed Patient Days Per Ward-ST CLEMENTS,Billed Patient Days Per Ward-WARD 1 NORTH,Billed Patient Days Per Ward-WARD 1 SOUTH,Billed Patient Days Per Ward-WARD 2 NORTH,Billed Patient Days Per Ward-WARD 2 SOUTH PAEDS,Billed Patient Days Per Ward-WARD 2 SOUTH PRIVATE,Billed Patient Days Per Ward-WARD 3 NORTH,Patients Days Per Level Of Care-GENERAL WARD 3 - 5 BEDS,Patients Days Per Level Of Care-HIGH DEPENDENCY,Patients Days Per Level Of Care-INTENSIVE WARD,Patients Days Per Level Of Care-NEO NATAL,Patients Days Per Level Of Care-PEADIATRIC WARD,Patients Days Per Level Of Care-PRIVATE WARD,Patients Days Per Level Of Care-SINGLE WARD,Patients Days Per Level Of Care-TWO BEDDED WARD,Patients Days Per Ward-CORONARY CARE UNIT,Patients Days Per Ward-HIGH DEPENDENCY UNIT,Patients Days Per Ward-INTENSIVE CARE UNIT,Patients Days Per Ward-NEO NATAL INTENSIVE CARE UNIT,Patients Days Per Ward-NEO NATAL UNIT,Patients Days Per Ward-ST CLEMENTS,Patients Days Per Ward-WARD 1 NORTH,Patients Days Per Ward-WARD 1 SOUTH,Patients Days Per Ward-WARD 2 NORTH,Patients Days Per Ward-WARD 2 SOUTH PAEDS,Patients Days Per Ward-WARD 2 SOUTH PRIVATE,Patients Days Per Ward-WARD 3 NORTH,Percentage Occupancy Per Ward-CORONARY CARE UNIT,Percentage Occupancy Per Ward-HIGH DEPENDENCY UNIT,Percentage Occupancy Per Ward-INTENSIVE CARE UNIT,Percentage Occupancy Per Ward-NEO NATAL INTENSIVE CARE UNIT,Percentage Occupancy Per Ward-NEO NATAL UNIT,Percentage Occupancy Per Ward-ST CLEMENTS,Percentage Occupancy Per Ward-WARD 1 NORTH,Percentage Occupancy Per Ward-WARD 1 SOUTH,Percentage Occupancy Per Ward-WARD 2 NORTH,Percentage Occupancy Per Ward-WARD 2 SOUTH PAEDS,Percentage Occupancy Per Ward-WARD 2 SOUTH PRIVATE,Percentage Occupancy Per Ward-WARD 3 NORTH,Percentage Occupancy Per Theatre-THEATRE,Theatre Cases-THEATRE,Theatre Utilization-THEATRE,Number of Prescriptions Dispensed-Hospital,Number of Prescriptions Dispensed-Retail,Revenue of Prescriptions Dispensed-Hospital,Revenue of Prescriptions Dispensed-Retail,Billing Statistics-Total Revenue,Billing Statistics-Revenue Per Patient Day,Revenue Per Stock Location-CASUALTY,Revenue Per Stock Location-CASUALTY OBSERVATION ROOM,Revenue Per Stock Location-CASUALTY RESUSTATION ROOM,Revenue Per Stock Location-CASUALTY TREATMENT ROOM,Revenue Per Stock Location-EDR,Revenue Per Stock Location-HIGH DEPENDENCY UNIT,Revenue Per Stock Location-INTENSIVE CARE UNIT,Revenue Per Stock Location-LABOUR WARD,Revenue Per Stock Location-NEO NATAL INTENSIVE CARE UNIT,Revenue Per Stock Location-NEO NATAL UNIT,Revenue Per Stock Location-PHARMACY,Revenue Per Stock Location-ST CLEMENTS,Revenue Per Stock Location-STOCK TAKE DISPENSARY,Revenue Per Stock Location-THEATRE,Revenue Per Stock Location-WARD 1 NORTH,Revenue Per Stock Location-WARD 1 SOUTH,Revenue Per Stock Location-WARD 2 NORTH,Revenue Per Stock Location-WARD 2 SOUTH PAEDS,Revenue Per Stock Location-WARD 2 SOUTH PRIVATE,Revenue Per Stock Location-WARD 3 NORTH,COS Per Stock Location-CASUALTY,COS Per Stock Location-CASUALTY OBSERVATION ROOM,COS Per Stock Location-CASUALTY RESUSTATION ROOM,COS Per Stock Location-CASUALTY TREATMENT ROOM,COS Per Stock Location-EDR,COS Per Stock Location-HIGH DEPENDENCY UNIT,COS Per Stock Location-INTENSIVE CARE UNIT,COS Per Stock Location-LABOUR WARD,COS Per Stock Location-NEO NATAL INTENSIVE CARE UNIT,COS Per Stock Location-NEO NATAL UNIT,COS Per Stock Location-PHARMACY,COS Per Stock Location-ST CLEMENTS,COS Per Stock Location-STOCK TAKE DISPENSARY,COS Per Stock Location-THEATRE,COS Per Stock Location-WARD 1 NORTH,COS Per Stock Location-WARD 1 SOUTH,COS Per Stock Location-WARD 2 NORTH,COS Per Stock Location-WARD 2 SOUTH PAEDS,COS Per Stock Location-WARD 2 SOUTH PRIVATE,COS Per Stock Location-WARD 3 NORTH,GP Percentage For Ethical Stock Items -CASUALTY,GP Percentage For Ethical Stock Items -CASUALTY OBSERVATION ROOM,GP Percentage For Ethical Stock Items -CASUALTY RESUSTATION ROOM,GP Percentage For Ethical Stock Items -CASUALTY TREATMENT ROOM,GP Percentage For Ethical Stock Items -EDR,GP Percentage For Ethical Stock Items -HIGH DEPENDENCY UNIT,GP Percentage For Ethical Stock Items -INTENSIVE CARE UNIT,GP Percentage For Ethical Stock Items -LABOUR WARD,GP Percentage For Ethical Stock Items -NEO NATAL INTENSIVE CARE UNIT,GP Percentage For Ethical Stock Items -NEO NATAL UNIT,GP Percentage For Ethical Stock Items -PHARMACY,GP Percentage For Ethical Stock Items -ST CLEMENTS,GP Percentage For Ethical Stock Items -STOCK TAKE DISPENSARY,GP Percentage For Ethical Stock Items -THEATRE,GP Percentage For Ethical Stock Items -WARD 1 NORTH,GP Percentage For Ethical Stock Items -WARD 1 SOUTH,GP Percentage For Ethical Stock Items -WARD 2 NORTH,GP Percentage For Ethical Stock Items -WARD 2 SOUTH PAEDS,GP Percentage For Ethical Stock Items -WARD 2 SOUTH PRIVATE,GP Percentage For Ethical Stock Items -WARD 3 NORTH,GP Percentage For Surgical Stock Items -CASUALTY,GP Percentage For Surgical Stock Items -CASUALTY OBSERVATION ROOM,GP Percentage For Surgical Stock Items -CASUALTY RESUSTATION ROOM,GP Percentage For Surgical Stock Items -CASUALTY TREATMENT ROOM,GP Percentage For Surgical Stock Items -EDR,GP Percentage For Surgical Stock Items -HIGH DEPENDENCY UNIT,GP Percentage For Surgical Stock Items -INTENSIVE CARE UNIT,GP Percentage For Surgical Stock Items -LABOUR WARD,GP Percentage For Surgical Stock Items -NEO NATAL INTENSIVE CARE UNIT,GP Percentage For Surgical Stock Items -NEO NATAL UNIT,GP Percentage For Surgical Stock Items -PHARMACY,GP Percentage For Surgical Stock Items -ST CLEMENTS,GP Percentage For Surgical Stock Items -STOCK TAKE DISPENSARY,GP Percentage For Surgical Stock Items -THEATRE,GP Percentage For Surgical Stock Items -WARD 1 NORTH,GP Percentage For Surgical Stock Items -WARD 1 SOUTH,GP Percentage For Surgical Stock Items -WARD 2 NORTH,GP Percentage For Surgical Stock Items -WARD 2 SOUTH PAEDS,GP Percentage For Surgical Stock Items -WARD 2 SOUTH PRIVATE,GP Percentage For Surgical Stock Items -WARD 3 NORTH,Episodes Finalised,Discharges Not Finalised,Discharges Not Finalised Value,Revenue Per Revenue Centre-ADJUSTMENTS,Revenue Per Revenue Centre-CASUALTY GASSES,Revenue Per Revenue Centre-CASUALTY OTHER FEES,Revenue Per Revenue Centre-CASUALTY STOCK,Revenue Per Revenue Centre-CORONARY CARE BED FEES,Revenue Per Revenue Centre-CORONARY CARE OTHER FEES,Revenue Per Revenue Centre-HDU BED FEES,Revenue Per Revenue Centre-HDU GASSES OXYGEN,Revenue Per Revenue Centre-HDU OTHER FEES,Revenue Per Revenue Centre-HDU STOCKS,Revenue Per Revenue Centre-ICU BED FEES,Revenue Per Revenue Centre-ICU OTHER FEES,Revenue Per Revenue Centre-ICU STOCKS,Revenue Per Revenue Centre-LABOUR WARD OTHER FEES,Revenue Per Revenue Centre-LABOUR WARD STOCKS,Revenue Per Revenue Centre-NICU BED FEES,Revenue Per Revenue Centre-NICU DAY CASES,Revenue Per Revenue Centre-NICU FEES,Revenue Per Revenue Centre-NICU STOCKS,Revenue Per Revenue Centre-NNU BED FEES,Revenue Per Revenue Centre-NNU GASSES,Revenue Per Revenue Centre-NNU OTHER FEES,Revenue Per Revenue Centre-NNU STOCKS,Revenue Per Revenue Centre-None,Revenue Per Revenue Centre-PATIENT REFUNDS,Revenue Per Revenue Centre-PHARMACY,Revenue Per Revenue Centre-ST CLEMENTS BED FEES,Revenue Per Revenue Centre-ST CLEMENTS DAY CASES,Revenue Per Revenue Centre-ST CLEMENTS STOCKS,Revenue Per Revenue Centre-THEATRE EQUIPMENT FEES,Revenue Per Revenue Centre-THEATRE FEES,Revenue Per Revenue Centre-THEATRE GASSES,Revenue Per Revenue Centre-THEATRE STOCKS,Revenue Per Revenue Centre-THEATRE TIME,Revenue Per Revenue Centre-WARD 1 NORTH BED FEES,Revenue Per Revenue Centre-WARD 1 NORTH DAY CASES,Revenue Per Revenue Centre-WARD 1 NORTH GASSES,Revenue Per Revenue Centre-WARD 1 NORTH OTHER FEES,Revenue Per Revenue Centre-WARD 1 NORTH STOCKS,Revenue Per Revenue Centre-WARD 1 SOUTH BED FEES,Revenue Per Revenue Centre-WARD 1 SOUTH DAY CASES,Revenue Per Revenue Centre-WARD 1 SOUTH GASSES,Revenue Per Revenue Centre-WARD 1 SOUTH OTHER FEES,Revenue Per Revenue Centre-WARD 1 SOUTH STOCKS,Revenue Per Revenue Centre-WARD 2 NORTH BED FEES,Revenue Per Revenue Centre-WARD 2 NORTH DAY CASES,Revenue Per Revenue Centre-WARD 2 NORTH OTHER FEES,Revenue Per Revenue Centre-WARD 2 NORTH STOCKS,Revenue Per Revenue Centre-WARD 2 SOUTH PEADS BED FEES,Revenue Per Revenue Centre-WARD 2 SOUTH PEADS DAY CASES,Revenue Per Revenue Centre-WARD 2 SOUTH PEADS GASSES,Revenue Per Revenue Centre-WARD 2 SOUTH PEADS OTHER FEES,Revenue Per Revenue Centre-WARD 2 SOUTH PEADS STOCKS,Revenue Per Revenue Centre-WARD 2 SOUTH PRIVATE BED FEES,Revenue Per Revenue Centre-WARD 2 SOUTH PRIVATE GASSES,Revenue Per Revenue Centre-WARD 2 SOUTH PRIVATE OTHER FEES,Revenue Per Revenue Centre-WARD 2 SOUTH PRIVATE STOCKS,Revenue Per Revenue Centre-WARD 3 NORTH BED FEES,Revenue Per Revenue Centre-WARD 3 NORTH GASSES,Revenue Per Revenue Centre-WARD 3 NORTH OTHER FEES,Revenue Per Revenue Centre-WARD 3 NORTH STOCKS,Payments Per Day-Deposits,Payments Per Day-Individual Payments,Payments Per Day-Medical Aid Payments,Payments Per Day-Batched Payments,Account Sundries,Debtors Reconciliation Per Day-Balance Brought Forward,Debtors Reconciliation Per Day-Revenue,Debtors Reconciliation Per Day-Payments,Debtors Reconciliation Per Day-SunList,Chargeable Items Transferred Per Location-CASUALTY,Chargeable Items Transferred Per Location-CASUALTY OBSERVATION ROOM,Chargeable Items Transferred Per Location-CASUALTY RESUSTATION ROOM,Chargeable Items Transferred Per Location-CASUALTY TREATMENT ROOM,Chargeable Items Transferred Per Location-CSSD,Chargeable Items Transferred Per Location-EDR,Chargeable Items Transferred Per Location-HIGH DEPENDENCY UNIT,Chargeable Items Transferred Per Location-INTENSIVE CARE UNIT,Chargeable Items Transferred Per Location-LABOUR WARD,Chargeable Items Transferred Per Location-MAIN STORES,Chargeable Items Transferred Per Location-MEZZANINE FLOOR,Chargeable Items Transferred Per Location-MEZZANINE FLOOR BULK,Chargeable Items Transferred Per Location-NEO NATAL UNIT,Chargeable Items Transferred Per Location-PHARMACY,Chargeable Items Transferred Per Location-ST CLEMENTS,Chargeable Items Transferred Per Location-STOCK TAKE DISPENSARY,Chargeable Items Transferred Per Location-THEATRE,Chargeable Items Transferred Per Location-WARD 1 NORTH,Chargeable Items Transferred Per Location-WARD 2 NORTH,Chargeable Items Transferred Per Location-WARD 2 SOUTH PAEDS,Chargeable Items Transferred Per Location-WARD 2 SOUTH PRIVATE,Chargeable Items Transferred Per Location-WARD 3 NORTH,Non Chargeable Items Transferred Per Location-CASUALTY,Non Chargeable Items Transferred Per Location-CASUALTY OBSERVATION ROOM,Non Chargeable Items Transferred Per Location-CASUALTY RESUSTATION ROOM,Non Chargeable Items Transferred Per Location-CASUALTY TREATMENT ROOM,Non Chargeable Items Transferred Per Location-CSSD,Non Chargeable Items Transferred Per Location-EDR,Non Chargeable Items Transferred Per Location-HIGH DEPENDENCY UNIT,Non Chargeable Items Transferred Per Location-INTENSIVE CARE UNIT,Non Chargeable Items Transferred Per Location-LABOUR WARD,Non Chargeable Items Transferred Per Location-MAIN STORES,Non Chargeable Items Transferred Per Location-MEZZANINE FLOOR,Non Chargeable Items Transferred Per Location-MEZZANINE FLOOR BULK,Non Chargeable Items Transferred Per Location-NEO NATAL UNIT,Non Chargeable Items Transferred Per Location-PHARMACY,Non Chargeable Items Transferred Per Location-ST CLEMENTS,Non Chargeable Items Transferred Per Location-STOCK TAKE DISPENSARY,Non Chargeable Items Transferred Per Location-THEATRE,Non Chargeable Items Transferred Per Location-WARD 1 NORTH,Non Chargeable Items Transferred Per Location-WARD 2 NORTH,Non Chargeable Items Transferred Per Location-WARD 2 SOUTH PAEDS,Non Chargeable Items Transferred Per Location-WARD 2 SOUTH PRIVATE,Non Chargeable Items Transferred Per Location-WARD 3 NORTH,Stock Receipts Discount Per Location-EDR,Stock Receipts Discount Per Location-MAIN STORES,Stock Receipts Discount Per Location-MEZZANINE FLOOR,Stock Receipts Discount Per Location-PHARMACY,Stock Receipts Discount Per Location-RETAIL PHARMACY,Stock Receipts Discount Per Location-THEATRE,Stock Receipts Per Location-EDR,Stock Receipts Per Location-MAIN STORES,Stock Receipts Per Location-MEZZANINE FLOOR,Stock Receipts Per Location-PHARMACY,Stock Receipts Per Location-RETAIL PHARMACY,Stock Receipts Per Location-THEATRE,Stock Receipts Value Per Location-EDR,Stock Receipts Value Per Location-MAIN STORES,Stock Receipts Value Per Location-MEZZANINE FLOOR,Stock Receipts Value Per Location-PHARMACY,Stock Receipts Value Per Location-RETAIL PHARMACY,Stock Receipts Value Per Location-THEATRE
1/1/2024,34,0,56,1,2,1,0,1,0,1,1,2,0,0,34,0,56,2,3,2,1,7,0,9,9,8,5,5,5,0,1,2,2,0,5,0,5,9,6,5,5,1,0,2,2,1,6,0,7,8,10,6,5,4,20,16,27,33,40,0,42,20,31,12,13,19,0,3.5,6,6,8,7.5,1.5,38.5,2,3.5,3,1,6,0,10.5,12.5,12,8,7.5,5,0,35,75,33.33,100,0,65.63,54.35,41.38,57.14,93.75,29.41,40500,4,405,224,0,2231.51,0,25264.29,355.84,124.01,74.34,0.76,52.04,344.73,0,142.37,179.66,0,27.97,1990.79,0,-68.52,616.27,29.29,0,-30.21,0,9.87,3.21,75.07,43.83,0.83,30.3,158.37,0,84.32,108.53,0,15.71,1071.12,0,-34.73,421.13,20.38,0,-20.1,0,5.83,1.91,39.42,0,0,41.38,52.97,0,40.75,40.15,0,40.73,45.07,0,46.52,42.86,40.08,0,35.56,0,40.9,40.45,40.32,41.05,-9.67,42.27,56.4,0,40.79,39.17,0,44.13,53.49,0,71.29,28.05,8.25,0,-1023.33,0,42.71,41.18,123,327,400842.91,0,0,3096.26,251.15,1524.28,46.81,1510.22,376.26,2366,0,-793.35,-281.52,142.37,408.61,179.66,349.86,0,0,0,318.55,746.94,59.22,27.97,0,0,2267,0,0,0,569.22,671.2,330.9,616.27,1332.45,1702.81,0,616.08,329.62,29.29,-227.43,0,76.63,-831.04,0,1931.09,0,461.96,-30.21,701.9,0,296.1,199.35,0,1070.4,96.6,169.87,9.87,1085.76,0,1456.1,3.21,960,3423.65,0,0,0,881446.61,25264.29,4383.65,0,0,0,0,0,0,0,0,0,0,0,0,0,0,0,0,0,0,0,0,0,0,0,0,0,0,0,0,0,0,0,0,0,0,0,0,0,0,0,0,0,0,0,0,0,0,0,0,0,0,0,0,0,0,6,0,0,0,0,0,107.77,0,0
2/1/2024,44,6,28,1,2,1,0,0,1,0,3,0,1,0,44,6,13,0,0,0,0,2,6,0,3,3,2,2,1,0,1,2,2,1,7,7,9,5,8,5,4,5,2,6,2,1,6,3,12,8,12,5,4,5,0,0,0,0,2,0,0,3,3,2,2,1,8,3,4.5,7.5,6,5,1,35.5,1,3.5,2.5,1,7.5,8,10.5,8.5,12,6,5,5,0,35,62.5,33.33,125,0,65.63,36.96,41.38,42.86,62.5,29.41,42000,6,420,146,0,4174.75,0,19252.62,273.09,86.85,91.85,4.27,15.98,560.52,1.72,343.3,135.94,0,0,3644.81,0,0,1016.38,39.85,0,10.36,0,3.01,15.93,50.61,52.73,2.51,9.38,268.96,0.95,222.4,85.23,0,0,1949.57,0,0,680.87,21.78,0,6.11,0,1.78,10.81,41.84,0,41.28,41.32,52.5,44.52,41.68,39.88,0,0,46.74,0,0,43.49,40.47,0,40.87,0,40.72,36.73,41.33,42.6,0,0,49.92,0,32.5,34.12,0,0,45.42,0,0,25.8,51.62,0,41.18,0,0,28.83,33,357,399670.07,0,0,2495.83,198.95,730.93,0,311.48,0,0,1.72,699.72,0,343.3,0,135.94,699.72,0,0,0,318.55,0,19.74,0,0,0,4205.33,0,0,0,100.9,1006.8,128.4,1016.38,1381.8,617.05,0,0,257.25,39.85,844.48,0,0,8,0,1327.04,0,108.52,10.36,982.66,0,0,19.74,0,802.8,0,14.26,3.01,361.92,0,44.26,15.93,1268,6127.66,6233.21,0,0,902327.25,19252.62,13628.87,0,48.94,0,0,0,477.5,14.48,0,7.54,0,4625.55,114.9,0,0,392.35,0,81.59,5,0,0,0,0,0,0,0,0,0,0,0,0,0,0,-179.23,0,0,0,-67,0,0,0,0,0,0,0,0,0,0,0,0,0,0,2,0,0,7,0,0,2.56,0,0,302.33,0,0
3/1/2024,38,3,23,0,0,0,0,0,0,1,1,1,0,0,38,3,18,0,1,0,0,1,3,5,3,2,3,2,1,0,2,4,2,1,6,5,9,11,14,2,2,6,2,5,3,1,8,3,12,9,16,5,2,5,0,1,0,0,1,0,9,2,5,6,4,1,5,5.5,5,7,5,3,1,44.5,2,5.5,2,1,7,5,12.5,11,16,5,3,6,0,55,50,33.33,116.67,0,78.13,47.83,55.17,35.71,37.5,35.29,61600,5,616,167,0,2340.27,0,25827.98,339.84,258.2,98.67,21.34,126.4,243.65,4.56,508.39,118.49,0,53.73,2100.29,0,0,1474.79,73.44,0.14,45.17,0,40.99,22.89,155.32,57.2,13.48,73.2,134.75,2.54,304.89,72.44,0,30.89,1064.19,0,0,961.33,44.88,0.08,27.81,0,24.65,13.75,41.04,0,40.46,39.5,53.6,44.21,40.04,39.91,0,43.48,51.47,0,0,41.3,40.62,0,37.98,0,41.67,39.31,25.57,42.03,35.77,44.24,35.24,0,40.02,36.78,0,42.05,44.98,0,0,30.78,37.83,41.57,40.33,0,12.35,41.78,26,390,403875.38,0,13.16,4956.65,504.61,0,0,579.08,22.68,0,4.56,1049.58,0,508.39,131.61,118.49,699.72,0,0,0,318.55,69.09,29.61,53.73,0,0,2343.94,409.44,460.62,0,290.64,891,605,1474.79,2026.64,1354.74,0,0,108.96,73.44,1234.1,76.77,0,8,0.14,1919.96,0,238.16,45.17,842.28,0,223.72,168,0,1338,0,0,40.99,482.56,0,88.52,22.89,1166,2515.5,3265.29,0,0,907951,25827.98,6946.79,0,117.88,0,0,0,0,148.27,0,0,0,3365.23,2268.19,0,0,1131.08,0,0,287.32,0.37,0,0,0,0,0,0,0,0,0,0,0,0,0,-1330.64,-558.18,0,0,-181.91,0,0,0,0,0,0,0,0,0,0,0,0,0,0,0,3,0,3,0,0,0,2452.96,0,234,0,0
4/1/2024,38,2,20,1,0,1,0,0,0,1,1,2,2,0,38,2,25,0,1,0,0,3,5,4,3,7,1,1,2,0,1,4,3,1,5,5,9,12,13,6,1,3,2,7,3,1,5,0,11,11,13,7,1,5,0,2,0,0,6,6,7,1,13,3,2,4,5,4.5,6.5,6.5,6.5,1.5,1,46.5,2,4.5,3.5,1,6.5,5,12.5,13,17.5,6.5,1.5,4.5,0,45,87.5,33.33,108.33,0,78.13,56.52,60.34,46.43,18.75,26.47,32500,5,325,147,0,2362.35,0,24282.98,311.32,202.37,107.9,5.87,37.43,349.25,6.05,300.54,110.39,0,3.68,2002.88,5.64,0,1317.28,69.48,0,63.16,0,0,15.07,125.56,61.75,3.36,22.42,166.29,3.57,176.26,64.98,0,2.27,1019.7,3.34,0,855.16,40.63,0,40.69,0,0,8.9,38.19,0,28.2,41.89,54.47,40.98,41.82,41.09,0,0,49.22,40.73,0,42.87,40.97,0,41.08,0,0,40.82,36.67,42.77,78.42,38.38,48.39,0,41.21,41.28,0,38.21,48.43,41.18,0,-321.59,42.19,0,28.18,0,0,41.18,91,364,401811.32,0,3.29,4463.36,353.57,668.51,0,755.62,0,593.5,6.05,699.72,0,300.54,330.48,110.39,699.72,0,0,0,379.97,85.54,0,3.68,0,0,2352.13,387.29,153.54,5.64,100.9,839,136.4,1317.28,1069.25,1506.22,0,424.56,76.36,69.48,978.97,153.54,0,58,0,1799.32,0,499.62,63.16,842.28,0,69.09,20,0,802.8,0,0,0,723.84,0,365.3,15.07,217,4883,8959.42,0,0,926832.19,24282.98,14059.42,0,121.34,0,0,4.48,0,9.3,0,0,0,3566.99,649.42,0,0,462.51,0,0,4.5,0,3.8,0,0,0,0,0,0,0,0,0,0,0,0,-130.49,0,0,0,-6.31,0,0,0,0,0,0,0,0,0,0,0,0,0,0,0,4,2,1,0,0,0,8957,1722.16,8,0,0
5/1/2024,59,3,25,0,1,0,1,0,0,0,0,0,1,0,59,3,17,0,0,0,0,0,4,3,5,3,2,1,2,0,1,8,3,1,5,3,10,11,13,5,0,3,1,9,3,2,6,0,17,10,11,10,1,4,0,3,0,0,0,0,9,11,10,2,4,4,3.5,8,6,5.5,8.5,1,1,45,1.5,8,3,1.5,5.5,3.5,14.5,13,14.5,8.5,1,4,0,80,75,50,91.67,0,90.63,56.52,50,60.71,12.5,23.53,48500,6,485,150,0,5366,0,30321.19,386.26,140.6,78.05,10.34,51.05,516.96,11.44,567.88,68.95,0,0,4849.04,0,0,960.27,88.11,0,41.1,0,0,2.66,87.01,44.89,6.08,30.01,246.24,6.59,329.05,42.12,0,0,2494.4,0,0,690.2,55.29,0,28.35,0,0,1.59,37.4,0,0,41.51,51.35,42.38,43.54,40.51,0,0,48.14,0,0,40.95,41,0,41.1,0,0,40.41,42.14,42.48,41.23,40.75,54.61,0,39.01,36.69,0,0,51.18,0,0,21.25,34.58,0,17.53,0,0,0,51,392,196018.26,0,3.29,3047.6,280.04,699.72,0,924.85,139.4,963.25,11.44,1049.58,888.25,567.88,329.02,68.95,699.72,0,0,0,324.12,0,0,0,0,0,5366,40.96,153.54,0,0,1006.8,393.4,960.27,1595.65,1954.37,0,0,641.75,88.11,1337.32,76.77,0,1140.75,0,1558.04,76.77,1557.13,41.1,982.66,0,6.58,21,0,267.6,0,0,0,603.2,0,451.65,2.66,415,7645,1032.36,0,0,937055.75,30321.19,9092.36,0,154.02,0,0,0,135.72,4,0,0,0,1828.83,5584.92,0,0,1414.76,0,0,44.84,0.37,0,0,0,0,0,0,0,0,0,0,0,0,0,-146.13,0,0,0,-287.56,0,0,0,0,0,0,0,0,0,0,0,0,0,0,0,0,0,6,0,0,0,0,0,380.13,0,0
6/1/2024,35,0,9,0,0,0,0,0,0,1,0,0,0,0,35,0,21,0,3,0,0,2,0,3,4,4,2,0,3,0,1,5,3,2,6,0,19,9,13,8,2,1,2,4,2,2,4,0,21,7,10,7,2,1,3,8,1,0,6,0,7,2,9,5,0,7,0,7,6.5,6,9,1.5,0,46,1.5,7,3,2,6,0,20.5,10,13,9,1.5,2.5,0,70,75,66.67,100,0,128.13,43.48,44.83,64.29,18.75,14.71,29000,5,290,123,0,3419.69,0,21737.63,286.02,136.43,128.96,0,57.97,738.91,0,160.65,0,9.21,0,2809.72,0,0,815.49,11.62,11.27,0,0,0,0,81.63,74.16,0,33.26,344.54,0,97.24,0,5.17,0,1464.95,0,0,533.35,6.79,6.61,0,0,0,0,39.91,0,0,41.52,50.57,0,39.81,0,0,0,48.04,0,0,41.59,0,0,0,0,0,0,41.17,42.5,0,45.23,60.32,0,39.3,0,43.84,0,47.12,0,0,32.67,41.53,41.39,0,0,0,0,24,424,217191.2,0,9.87,4108.68,323.36,349.86,0,1022.2,29.9,168,0,699.72,0,160.65,0,0,1049.58,0,0,9.21,329.69,49.35,0,0,0,0,3548.63,138.77,0,0,40.58,839,138.6,815.49,954.1,1954.37,0,0,23,11.62,1109.89,0,43.7,-624.5,11.27,1582.17,0,308.43,0,1403.8,0,121.73,0,0,267.6,0,0,0,361.92,0,377.39,0,0,2346,0,0,0,958284.58,21737.63,2346,0,102.82,0,0,0,0,17.66,0,2.52,0,24,0,0,0,554.66,0,0,12.87,0,0,0,0,0,0,0,0,0,0,0,0,0,0,0,0,0,0,0,0,0,0,0,0,0,0,0,0,0,0,0,0,0,0,0,0,3,1,0,0,0,0,58,10,0
7/1/2024,36,0,20,0,1,0,0,0,0,1,1,2,1,0,36,0,20,1,0,0,0,2,0,5,2,6,3,1,0,0,0,4,2,2,2,0,20,5,10,4,2,1,0,5,2,2,2,0,20,9,10,8,3,1,1,0,0,0,8,0,9,6,15,5,1,0,0,5,5,3,7.5,4,0,42.5,1,5,2,2,3,0,21.5,8,13,7.5,3,1,0,50,50,66.67,50,0,134.38,34.78,44.83,53.57,37.5,5.88,56500,4,565,132,0,1906.83,0,20547.27,306.68,149.01,91.89,0,87.26,506.41,0,462.7,51.28,0,3.36,1524.47,0,0,1223.29,80.07,1.21,66.22,2.72,0,2.54,89.99,52.58,0,50.49,247.13,0,280.77,30.86,0,2.01,767.73,0,0,828.71,46.97,0.71,40.78,1.6,0,1.51,39.47,0,0,41.55,50.32,0,39.11,41.19,0,0,48.65,0,0,40.67,41.88,40.98,40.63,0,0,40.68,40.19,42.78,0,43.03,57.93,0,39.46,36.57,0,40.18,52.59,0,0,28.69,41.32,0,28,41.18,0,0,39,441,233059.71,0,49.35,3063.71,328.16,699.72,0,467.22,0,0,0,1049.58,0,462.7,131.61,51.28,1049.58,0,0,0,184.26,230.3,39.48,3.36,0,0,2030.88,138.77,0,0,100.9,708.49,540,1223.29,1931.65,2195.65,0,13.16,62,80.07,989.25,0,0,0,1.21,909.73,0,333.34,66.22,842.28,0,0,29.61,2.72,535.2,0,0,0,0,0,0,2.54,1100,3272,0,0,0,977676.21,20547.27,4372,0,82.95,0,0,0,0,0,0,0,0,46,124,0,0,506.69,0,0,45.8,0,0,0,0,0,0,0,0,0,0,0,0,0,0,0,0,0,0,0,0,0,0,0,0,0,0,0,0,0,0,0,0,0,0,0,0,2,0,1,0,0,0,18.89,0,10.53
8/1/2024,40,1,19,1,0,0,0,0,0,1,3,2,0,0,40,1,15,0,0,0,0,0,1,9,2,3,1,0,0,0,0,3,2,2,2,1,12,11,8,7,3,4,1,5,2,2,2,0,14,14,7,12,3,4,3,3,0,0,0,0,31,9,8,9,0,5,1,4,4.5,2,10,5,0,42,0.5,4,2,2,2,1,17.5,13.5,10,10,3,3,0,40,50,66.67,33.33,0,109.38,58.7,34.48,71.43,37.5,17.65,81000,6,810,180,0,3288.49,0,32405.11,473.07,180.75,88.78,5.1,85.16,495.51,53.09,356.85,78.26,0,43.73,2583.05,0,0,1413.99,125.07,13.24,28.94,2.78,54.54,3.25,109.7,51.39,3,50.68,232.38,31.11,213.39,47.29,0,27.88,1389,0,0,925.65,75.7,7.98,18.33,1.59,32.23,1.91,40.27,0,0,41.43,53.92,41.4,40.31,40.85,0,24.73,46.82,0,0,41.6,39.62,39.74,40.57,0,41.14,40.98,34.48,42.11,41.18,39.66,51.96,0,40.07,37.54,0,37.16,44.28,0,0,31.62,39.41,0,31.78,42.64,40.58,41.18,70,427,215004.89,0,3.29,4179.52,359.79,1399.44,15,1046.3,0,178.5,53.09,1049.58,8,356.85,0,78.26,1049.58,0,0,0,61.42,0,0,43.73,0,0,3078.56,-243.9,326.83,0,290.64,1058.8,829.8,1413.99,2664.9,2678.21,0,458.36,3705.22,125.07,989.25,0,0,184.5,13.24,1857.86,76.77,670.91,28.94,842.28,0,454.02,0,2.78,802.8,0,0,54.54,120.64,34.5,0,3.25,1535,9162,1993.28,0,0,993851.48,32405.11,12690.28,0,145.69,0,0,0,250,23.46,0,57.06,2.79,1539.87,4363.41,130,0,3055.48,0.93,0.9,26.3,7.13,0,0,0,0,0,0,0,0,0,0,0,0,0,-481.35,-562.08,0,0,-176.2,0,0,0,0,0,0,0,0,0,0,0,0,0,0,0,4,1,7,0,0,0,12005,3800,145.33,0,0
9/1/2024,53,6,25,1,0,0,0,0,0,0,2,1,0,1,53,5,19,0,1,0,0,0,5,4,4,4,4,1,1,0,1,6,2,2,2,5,10,17,6,8,2,3,2,7,2,2,2,2,13,18,6,10,5,4,2,9,1,0,0,0,14,6,15,17,2,1,6,5.5,5.5,2,11,6,0,44.5,1.5,5.5,2,2,2,6,14,20.5,8.5,11,4,3.5,0,55,50,66.67,33.33,0,87.5,89.13,29.31,78.57,50,20.59,103000,8,1030,152,0,3309.22,0,36023.09,447.49,108.61,88.63,6.8,37.43,375.97,12.22,283.25,59.47,0,4.25,2888.35,0,0,2423.04,33.83,4.23,72.29,5.44,11.35,29.01,64.61,50.67,4.01,21.65,166.62,7.22,172.93,35.42,0,2.23,1544.65,0,0,1490.07,19.25,2.49,41.5,3.2,7.45,17.55,40.61,0,0,41.96,56.64,40.92,38.81,41.16,0,0,47.23,0,0,41.45,46.55,40.98,40.6,0,40.98,37.91,40.01,42.83,40.99,42.5,54.1,0,39.05,39.03,0,47.6,43.71,0,0,36.61,41.18,41.18,43.9,41.18,31.29,42.19,72,432,215605.51,0,9.87,2444.9,241.47,-1399.44,8,778.7,211.98,1326,12.22,1049.58,0,283.25,133,59.47,1049.58,0,0,0,61.42,815.92,0,4.25,0,1578,3264.32,8,153.54,0,581.28,1394.4,1004.9,2423.04,3388.7,2050.88,0,304.95,1133.25,33.83,1592.45,76.77,0,2020.96,4.23,899.87,0,2646.18,72.29,1572.7,0,654.71,335.25,5.44,1070.4,0,0,11.35,241.28,3.29,377.65,29.01,90,25133.32,27140.12,0,1578,1013566.31,34445.09,52363.44,1578,88.13,0,0,0,0,5,0,12.45,0,3004.73,2986.5,0,0,577.1,0,0,0,0,0,0,0,0,0,0,0,0,0,0,0,0,0,-10.5,0,0,0,-65.56,0,0,0,0,0,0,0,0,0,0,0,0,0,0,0,1,1,1,0,0,0,725,2633.9,43.93,0,0
10/1/2024,26,7,22,1,1,0,0,0,2,0,0,0,1,0,26,7,21,0,0,0,0,0,8,3,6,1,5,1,4,0,1,10,1,2,2,7,13,20,9,7,5,1,2,13,2,2,4,1,14,16,8,7,4,1,0,4,0,0,0,2,4,6,5,12,1,10,8.5,9,5.5,2.5,10,7,0,47.5,2,9,1.5,2,2.5,8.5,14,22.5,9.5,10,5.5,3,0,90,37.5,66.67,41.67,0,87.5,97.83,32.76,71.43,68.75,17.65,198700,14,1987,188,0,3951.88,0,38283.18,425.37,164.92,75.36,8.16,68.74,512.14,30.25,409.2,4.43,0,0,3421.77,0,0,4378.84,97.5,0,26.58,18.48,5.27,23.61,101.55,44.81,4.77,39.96,243.07,17.86,242,2.58,0,0,1809.95,0,0,2791.45,57.72,0,17.32,10.59,3.25,15.05,38.31,0,0,41.68,50.36,40.95,40.67,41.82,0,0,47.31,0,0,40.48,41.27,0,40.85,41.1,41.88,40.95,39.22,40.54,41.54,42.02,59.09,0,41.03,41.79,0,0,46.43,0,0,-320.58,39.96,0,32.39,43.15,32.52,31.9,48,438,217490.33,0,0,2871.76,317.18,349.86,0,1557.4,0,0,30.25,699.72,16,409.2,0,4.43,1049.58,0,0,0,61.42,0,0,0,0,0,3933.91,258.16,250.06,0,593.34,2453.2,2139.86,4378.84,6537.23,1568.32,0,0,24,97.5,1954.37,383.85,174.37,93,0,868.61,153.54,20,26.58,1572.7,0,128.31,154.17,18.48,802.8,0,0,5.27,1967.52,0,334.78,23.61,1340,12124.82,1538.24,0,0,997225.96,38283.18,15003.06,0,95.66,0,0,0,40,37.2,0,0,0,2402.93,3574.88,0,0,1234.45,0,0,2.4,0,0.6,0,0,0,0,0,0,0,0,0,0,0,0,-997.06,-468,0,0,-73.94,0,0,0,0,0,0,0,0,0,0,0,0,0,0,0,0,0,7,0,1,0,0,0,305.85,0,11.52
11/1/2024,33,6,23,0,0,0,0,0,1,1,1,0,0,0,33,5,16,0,0,0,0,0,5,5,6,1,2,2,0,0,1,10,2,2,5,4,13,20,8,5,2,3,1,8,2,2,5,2,17,19,12,8,3,3,0,0,0,0,0,0,14,6,0,5,6,0,5.5,11.5,5.5,5,7.5,5,0,49,1.5,11.5,2,2,5,5.5,16.5,21.5,10,7.5,3,3,0,115,50,66.67,83.33,0,103.13,93.48,34.48,53.57,37.5,17.65,82000,9,820,177,0,2976.62,0,25722.14,289.01,197.04,62.9,2.55,66.42,461,21.97,1221.37,125.27,0,2.72,2644.63,0,0,1699.42,37.99,5.86,30.51,0,10.52,4.07,116.21,36.67,1.5,38.69,211.44,12.98,713.05,65.3,0,1.6,1377.99,0,0,1101.75,22.24,4.18,18.66,0,6.18,2.43,41.21,0,0,41.47,52.11,40.9,41.74,51.94,0,0,51.88,0,0,41.62,41.45,38.76,40.63,0,40.98,40.78,40.86,41.71,41.18,42.06,63.3,0,41.55,38.12,0,41.18,39,0,0,-323.38,41.49,26.98,25.13,0,42.42,34.38,56,436,208557.81,0,3.29,2362.36,328.91,1049.58,0,1401.66,151.8,0,21.97,1049.58,0,1221.37,0,125.27,-2449.02,0,69.09,0,122.84,0,0,2.72,0,0,3105.63,757.76,460.62,0,290.64,1531.04,713.85,1699.42,2775.15,1954.37,76.77,26.32,846,37.99,2340.42,307.08,409.56,31,5.86,1085.76,76.77,-667.75,30.51,842.28,0,121.73,49.35,0,1338,0,0,10.52,0,0,0,4.07,210,6475,8292.41,0,0,1020506.08,25722.14,14977.41,0,154.53,1.06,0,0,500.83,48.04,0,7.51,0,2755.34,1875.95,0,0,3251.93,0,0,40.35,0,29.26,0,0,0,0,0,0,0,0,0,0,0,0,-94.21,0,0,0,0,0,0,-11,0,0,0,0,0,0,0,0,0,0,0,0,2,0,5,0,1,0,5330,0,3498.81,0,4050
12/1/2024,28,2,28,1,1,0,0,0,0,0,1,1,0,0,28,2,38,0,0,0,0,3,2,6,11,8,8,1,1,0,2,7,2,2,3,3,14,11,12,7,3,4,4,9,2,2,3,1,18,12,11,3,2,5,0,14,2,0,5,0,26,36,16,15,2,0,3.5,8.5,7,4.5,9,5,0,53.5,3,8.5,2,2,4.5,3.5,18,17,15.5,9,3,5,0,85,50,66.67,75,0,112.5,73.91,53.45,64.29,37.5,29.41,73000,11,730,170,0,3707.39,0,124421.29,1367.27,126.6,70.8,0.21,65.03,413.96,12.71,398.29,97.11,0,17.51,3249.72,0,0,1585.47,29.66,0,50.96,4.08,8.29,11.87,73.65,39.61,0.13,38.31,198.34,7.51,235.98,55.8,0,9.48,1715.99,0,0,1049.12,17.01,0,30.96,1.71,4.9,7,42.02,0,0,41.64,50.09,40.91,41.92,47.49,0,0,46.81,0,0,41.06,40.65,0,40.59,0,40.83,40.98,41.06,44.05,37.67,40.06,57.05,0,40.22,32.04,0,45.86,48.71,0,0,30.99,43.5,0,33.71,57.97,0,41.18,53,451,239770.13,89458.5,13.16,2730.08,262.64,699.72,30,710.72,0,85,12.71,1049.58,3372.5,398.29,0,97.11,699.72,0,0,0,982.72,177.66,0,17.51,0,40,3663.68,272.52,383.85,0,302.7,1845.8,565.4,1585.47,2401.7,2364.55,0,585.09,-709,29.66,2581.7,0,120.33,3394.5,0,1085.76,153.54,138,50.96,1263.42,0,164.5,190,4.08,802.8,0,150,8.29,0,172.5,0,11.87,550,71564.02,72.74,0,89498.5,1031250.81,34922.79,72186.76,89498.5,74.53,0,2.52,0,13.2,11.07,0,0,0,1718.36,14255.9,0,0,1099.01,0,0,81.64,0,0,0,0,0,0,0,0,0,0,0,0,0,0,-1100.67,-690.53,0,0,-49.14,0,0,0,0,0,0,0,0,0,0,0,0,0,0,0,2,2,5,0,0,0,2269.04,13121.04,201.75,0,0
13/1/2024,39,0,17,0,1,0,0,0,0,1,1,0,0,0,39,0,18,0,1,1,0,0,0,1,5,6,3,0,1,0,3,8,1,2,4,0,19,13,10,5,2,6,2,8,2,2,4,0,21,13,7,5,2,5,1,3,12,0,0,0,3,15,21,4,0,2,0.5,8,8,4,6,4,0,50.5,3.5,9,1.5,2,4,0.5,19.5,16,11.5,6,2,5.5,0,90,37.5,66.67,66.67,0,121.88,69.57,39.66,42.86,25,32.35,121500,8,1215,125,0,3790.33,0,30731.73,379.4,207.5,89.58,2.2,76.76,736.12,38.76,379.65,2.17,0,0,3161.69,0,0,2974.95,116.49,0,10.77,0,3.4,0,123.5,50.7,1.68,44.51,379.66,22.58,227.05,1.29,0,0,1688.81,0,0,1945.33,68.11,0,6.36,0,2.69,0,41.19,0,0,41.71,46.79,40.83,40.55,39.74,0,0,46.76,0,0,41.07,41.66,0,40.95,0,20.89,0,31.64,43.41,23.48,42.34,63.89,49.38,39.87,43.87,0,0,45.73,0,0,33.15,41.43,0,0,0,0,0,25,483,264022.64,0,16.45,3251.04,376.04,1049.58,0,1868.88,0,0,38.76,0,0,379.65,0,2.17,699.72,0,0,0,184.26,0,0,0,0,0,3897.81,232.52,0,0,440.64,1358.85,1289.2,2974.95,3997.35,1881.99,0,34.11,82.03,116.49,1737.22,0,0,48.64,0,1809.6,0,397.21,10.77,701.9,76.77,0,0,0,1070.4,0,0,3.4,535.2,0,168.13,0,550,4772,0,0,0,1083485.34,30731.73,5322,0,91.39,0,0,0,0,37.11,0,0,0,220.8,0,0,0,614.83,0,0,49.5,0,0,0,2.42,0,0,0,0,0,0,0,0,0,0,0,0,0,0,0,0,0,0,0,0,0,0,0,0,0,0,0,0,0,0,0,0,3,0,0,0,0,0,97.86,0,0
14/1/2024,19,0,19,0,0,0,0,0,0,0,1,2,0,0,19,0,15,1,0,0,0,1,0,4,1,1,5,1,1,0,2,5,2,2,3,0,17,16,9,2,1,5,3,4,3,2,4,0,18,18,13,2,3,5,3,1,0,0,2,0,12,2,5,6,4,3,0,6.5,7,4,4.5,3.5,0,51.5,2.5,6.5,2,2,4,0,20,16,11.5,4.5,2.5,5.5,0,65,50,66.67,66.67,0,125,69.57,39.66,32.14,31.25,32.35,83500,5,835,129,0,4398.86,0,28412.17,368.99,181.81,84.93,0,26.94,708.19,-3.99,1050.39,65,0,16.49,3870.35,0,0,4065.19,58.5,0,10.36,0,5.75,0,108.47,47.76,0,15.83,331.86,-2.38,623.85,37.24,0,9.21,2135.05,0,0,2506.28,37.83,0,6.13,0,3.5,0,40.19,0,0,41.38,51.53,40.41,40,44.84,0,0,45.49,0,0,41.5,38.36,0,40.79,0,0,0,43.12,43.76,0,41.15,59.16,0,41.13,36.7,0,44.13,40.62,0,0,37.74,34,0,0,0,39.2,0,37,480,273604.37,0,26.32,3359.72,293.68,0,0,934.44,0,0,-3.99,349.86,0,1050.39,60,65,699.72,0,0,0,245.68,88.83,0,16.49,0,0,4578.54,232.52,0,0,391.54,839,851.8,4065.19,2747.15,2364.55,0,49.35,117.64,58.5,1954.37,76.77,0,8,0,1085.76,0,61,10.36,421.14,153.54,0,0,0,535.2,76.92,8,5.75,361.92,0,171.52,0,278,1739,0,0,0,1108895.07,28412.17,2017,0,99.54,0,0,0,0,7.29,0,2.3,0,21.65,19.8,130,0,746.59,0,0,2.89,0,0,0,0,0,0,0,0,0,0,0,0,0,0,0,0,0,0,0,0,0,0,0,0,0,0,0,0,0,0,0,0,0,0,0,0,4,0,0,0,0,0,23.65,0,0
15/1/2024,37,0,32,1,1,0,1,0,0,0,2,4,0,1,37,0,27,1,0,1,0,2,0,2,10,7,3,0,1,0,2,6,1,2,3,0,17,13,14,2,5,5,3,7,1,3,3,0,18,14,15,4,6,6,3,13,2,0,3,0,7,29,12,4,0,5,0,7,8,3.5,4.5,6,1,58.5,3,6,2,3,3.5,0,18.5,18.5,19,4.5,5,5.5,0,60,50,100,58.33,0,115.63,80.43,65.52,32.14,62.5,32.35,100000,8,1000,208,0,5917,0,35270.74,398.54,97.37,64.13,19.6,37.86,1112.52,23.21,1914.63,180.45,0,9.1,4569.34,0,0,2603.77,59.24,2.57,52.12,0,28.26,42.69,60.94,35.01,11.6,22.4,563.71,13.7,1130.89,105.14,0,4.86,2511.36,0,0,1703.44,34.89,1.51,35.46,0,18.16,25.13,38.69,0,40.97,41.38,47.71,40.97,40.63,45.56,0,0,45.49,0,0,41.79,40.69,40.98,37.21,0,40.95,40.07,36.33,45.41,38.22,40.58,57.4,0,41.33,34.27,0,46.56,43.2,0,0,32.48,41.14,41.18,27.46,0,32.61,44.54,70,474,258198.96,0,3.29,2650.67,218.96,1749.3,23,311.48,0,-517,23.21,1049.58,53,1914.63,160.13,180.45,699.72,0,0,0,245.68,46.06,0,9.1,0,1664,5681.86,232.52,0,0,481.22,1394.4,916.5,2603.77,3290,2219.78,0,318.28,822.14,59.24,1954.37,76.77,216.2,198,2.57,747.97,153.54,496.17,52.12,561.52,0,0,0,0,802.8,0,22,28.26,1138.4,0,272.39,42.69,632,91859.06,80848.74,0,1664,1135290.24,33606.74,173339.8,1664,44.88,0,0,0,443.8,14.76,0,86.76,0,4568.88,2627.95,777.6,2.88,2038.58,0,0,154.73,7.48,0,0,1.96,0,0,0,0,0,0,0,0,0,0,-589,-1202,0,0,-95,0,0,0,0,0,0,0,0,0,0,0,0,0,0,0,1,0,8,0,0,0,500,0,393.49,0,0
16/1/2024,28,4,31,1,1,0,0,0,0,1,0,2,0,0,28,5,25,1,1,0,1,2,4,8,8,2,0,1,2,0,3,4,1,3,4,7,11,18,16,4,6,4,3,8,1,2,2,3,14,13,20,5,7,7,1,10,8,0,30,2,29,22,9,0,2,7,7,7,8.5,4,4.5,8,1,58,3.5,6,1,3,4,7,16.5,20,18.5,4.5,7.5,6.5,0,60,25,100,66.67,0,103.13,86.96,63.79,32.14,93.75,38.24,121700,10,1217,196,0,4163.87,0,36928.39,376.82,230.72,109.73,5.18,107.46,607.45,14.59,657.43,228.05,0,0,3712.4,0,0,3294.22,53.64,17.03,64.69,0,17.07,20.26,130.69,62.87,3.46,62.75,301.91,8.62,389.33,129.71,0,0,1950.75,0,0,2200.04,33.52,9.93,38.37,0,10.05,13.08,40.59,0,41.23,41.44,50.55,40.91,40.61,44.91,0,0,46.82,0,0,41.02,41.39,41.93,41.09,0,40.98,40.86,47.04,42.71,29.27,42,49.6,0,41.04,39.28,0,0,50.25,0,0,31.42,35.86,41.19,39.45,0,41.16,26.67,72,460,253994.33,0,24.03,3745.77,453.09,1399.44,0,1046.3,167.52,0,14.59,-349.86,147,657.43,0,228.05,1459.76,0,0,0,122.84,85.54,0,0,0,0,4319.85,-224.52,76.77,0,630.38,1730,1232,3294.22,4003.93,3209.03,0,685.47,660.94,53.64,1723.37,153.54,0,16,17.03,1871.71,76.77,641.04,64.69,561.52,76.77,6.58,0,0,535.2,9.87,100,17.07,1794.24,0,369.52,20.26,1190,8523.23,97175.78,0,0,997221.18,36928.39,106889.01,0,110.89,3.13,0,5,40,14.18,0,8.19,0,5041.98,9.6,0,0,938.24,0,0,23.82,0,0,0,0,0,0,0,0,0,0,0,0,0,0,-177.38,0,0,0,-5.84,0,0,0,0,0,0,0,0,0,0,0,0,0,0,0,0,0,0,0,1,0,0,0,0,0,110.69
17/1/2024,27,7,31,0,0,0,1,0,0,1,7,0,2,0,27,8,24,0,1,0,0,1,7,4,9,6,0,1,3,0,5,5,1,2,2,8,10,16,17,6,8,9,4,6,1,2,2,3,13,17,17,10,8,8,2,2,0,1,1,2,15,19,42,0,2,24,9,7.5,9,2,8,8.5,0.5,61.5,4.5,6.5,1,2.5,2,9,13,21.5,21.5,8,8,8.5,0,65,25,83.33,33.33,0,81.25,93.48,74.14,57.14,100,50,97000,7,970,213,0,2931.8,0,27801.76,262.28,70.79,51.94,0,32.63,985.75,18.42,386.57,272.23,0,11.5,1869.02,0,0,2554.06,76.92,8.32,83.13,0,18.15,15.67,42.1,31.48,0,19.2,542.49,10.88,239.83,156.38,0,5.39,882.2,0,0,1608.21,45.26,4.81,51.13,0,10.98,8.63,40.39,0,0,41.28,45.04,40.92,37.19,45.62,0,0,55.23,0,0,41.65,41.13,43.91,40.6,0,39.93,41.06,41.54,39.39,0,40.84,44.6,0,38.61,38.3,0,53.1,50.05,0,0,-319.66,41.32,41.18,34.57,0,39.1,59.33,120,399,169360.03,60,13.16,2148.71,155.36,699.72,15,968.73,0,8,18.42,349.86,0,386.57,0,272.23,760.04,0,0,0,184.26,23.03,0,11.5,0,0,2854.77,70.51,307.08,0,290.64,1468.98,688,2554.06,3459.75,1713.09,76.77,39.48,-60,76.92,1857.86,307.08,98.7,1230.57,8.32,-2800.96,76.77,730.48,83.13,982.66,0,0,0,0,1605.6,0,716.5,18.15,3080.72,0,175.87,15.67,2595,7910.88,2855.13,0,60,927260.56,27741.76,13361.01,60,108.59,0,0,0,322.5,20.61,0,0.98,0,1639.23,2230.1,0,0,1347.81,0,0,14.4,0,2.4,0,0,7.54,-0.8,0,0,0,0,0,0,0,0,-845.72,-924.53,0,0,-85.19,0,0,0,0,0,0,0,0,0,0,0,0,0,0,0,1,0,4,0,0,0,740,0,124.87,0,0
18/1/2024,33,5,21,1,0,0,0,0,0,0,1,2,0,0,33,5,30,0,0,0,0,0,7,4,6,5,4,4,5,0,5,6,1,2,3,9,9,17,13,8,4,4,5,7,1,2,4,2,13,16,13,11,4,4,6,2,0,0,0,6,10,8,13,5,10,11,9,7.5,9,3.5,12,5.5,0,53,5,6.5,1,2,3.5,9,13,19.5,16,12,6,6,0,65,25,66.67,58.33,0,81.25,84.78,55.17,85.71,75,35.29,122800,12,1228,191,0,3547.79,0,55780.22,560.61,99.4,63.04,13.99,34.64,429.59,4.57,647.59,317.17,0,58.04,3058.35,4.08,0,1949.89,51.23,8.41,67.23,0,48.78,10.72,60.01,38.61,9.02,20.29,212.07,2.7,385.41,175.28,0,34.27,1607.85,2.4,0,1311.64,31.57,4.9,43.45,0,28.55,6.33,38.97,0,41.23,41.36,49.86,40.97,42.3,49.09,0,41.3,48.17,0,0,42.81,41.07,41.93,38.82,0,40.86,40.9,41.09,38.75,34.77,41.56,52.06,0,39.7,40.24,0,40.89,44.17,41.18,0,-328.02,36.39,41.18,30.37,0,41.59,41.14,42,425,185163.05,0,26.32,2751,211.07,-349.86,2099.25,1236.33,41.4,-262.5,4.57,699.72,666.75,647.59,277.48,317.17,1109.9,0,0,0,61.42,0,0,58.04,0,19965.17,3487.94,388.56,76.77,4.08,100.9,2233.4,326.84,1949.89,4040.12,1713.09,0,305.97,218.94,51.23,2461.06,230.31,87.4,-254.25,8.41,2364.55,0,590.4,67.23,842.28,153.54,174.37,0,0,1873.2,29.9,658.28,48.78,1259.04,0,716.45,10.72,0,12446.18,55136.65,0,19965.17,941701.31,35815.05,67582.83,19965.17,52.45,0,1.99,0,152.5,12.59,7.1,0,0,574.01,237.29,260,0,886.8,0,0,65.54,0,0,2,0,0,0,0,0,0,0,0,0,0,0,-20.63,0,0,0,0,0,0,0,0,0,0,0,0,0,0,0,0,0,0,0,3,2,3,0,1,0,3348,895.25,87,0,12
19/1/2024,27,3,19,0,1,0,0,0,0,2,0,0,0,0,27,3,24,0,0,0,0,0,3,8,6,4,3,0,3,0,4,6,2,2,4,5,10,14,12,9,4,2,5,7,2,2,4,2,10,15,11,11,5,3,0,11,1,0,0,0,44,14,12,10,0,5,5,8,9,4,11.5,3.5,0,48,5,7,1.5,2,4,5,14,17,14.5,11.5,4.5,3,0,70,37.5,66.67,66.67,0,87.5,73.91,50,82.14,56.25,17.65,110000,8,1100,195,0,3959.83,0,34993.47,393.19,151.62,34.67,18.05,30.08,454.86,13.15,781.48,219.76,0,16.39,3346.97,0,0,2665.09,13.57,1.21,41.84,0,8.84,6.84,89.81,20.71,12.62,18.66,210.04,7.77,467.67,123.93,0,11.59,1753.4,0,0,1789.6,9.45,0.71,25.04,0,5.2,4.03,39.75,0,0,41.79,53.5,40.88,39.69,46.88,0,43.14,46.21,0,0,40.86,12.65,40.98,40.74,0,41.23,40.98,41.21,40.26,30.08,37.2,54.26,0,40.42,40.36,0,-7.45,54.1,0,0,29.8,40.99,0,39.79,0,41.18,41.13,83,396,164950.53,-400,23.03,2401.98,234.42,1838.36,0,1669.26,0,0,13.15,349.86,0,781.48,205.26,219.76,-4029.42,0,39.48,0,-184.26,379.89,46.64,16.39,0,7324.5,3801.83,331.06,876.53,0,636.96,1348.61,1158,2665.09,3694,111.35,76.77,566.72,1373.54,13.57,1243.52,76.77,768.24,237,1.21,1353.02,76.77,390.47,41.84,1263.42,0,0,49.35,0,535.2,0,56,8.84,482.56,0,818.61,6.84,2520,12902.79,21042.84,0,6924.5,929898.7,28068.97,36465.63,6924.5,59.53,0,0,0,0,9.43,0,0,0.68,4615.32,4159.92,0,0,777.67,0,0,49.55,0.8,0,0,3.38,0,0,0,0,0,0,0,0,0,0,-890.1,-382.35,0,0,-173.29,0,0,0,0,0,0,0,0,0,0,0,0,0,0,0,8,0,4,0,1,0,13235.8,0,789.36,0,14.21
20/1/2024,33,0,16,1,0,0,0,0,0,0,0,2,0,0,33,0,23,0,0,0,0,2,2,2,4,4,6,1,2,0,5,7,2,2,3,1,8,14,11,8,4,1,5,8,2,3,3,0,8,12,13,9,5,2,0,0,0,0,4,0,5,8,13,13,0,5,1.5,8,10,4,11.5,4,0,40.5,5.5,7,2,2.5,4,1.5,9.5,15,14,11.5,4.5,2.5,0,70,50,83.33,66.67,0,59.38,65.22,48.28,82.14,56.25,14.71,36400,5,364,109,0,3486.49,0,37749.63,474.84,163.13,101.25,0.82,80.8,437.11,0,703.8,15.73,0,0,3119.05,0,0,1906.02,0,29.58,28.9,0,0,7.65,98.2,62.25,0.48,47.26,197.82,0,413.86,9.69,0,0,1722.34,0,0,1274.89,0,17.23,17.42,0,0,4.5,39.45,0,0,40.84,52.55,0,40.43,37.81,0,0,45.17,0,0,40.96,0,0,36.03,0,0,41.18,41.58,38.52,41.46,42.56,62.49,0,41.66,42.82,0,0,41.7,0,0,31.11,0,41.75,39.91,0,0,41.18,36,416,183881.08,0,6.58,3526.63,346,1793.83,0,1912.76,104.9,69,0,2099.16,0,703.8,214.3,15.73,4637.24,0,0,0,779.04,134.89,100,0,0,0,3556.16,348.78,0,0,100.9,633.91,303.12,1906.02,1061.06,3583.02,0,0,1173.23,0,2548.28,0,58.24,51.93,29.58,1345.6,0,397.91,28.9,1706.58,0,579.04,259.22,0,802.8,0,0,0,723.84,0,100,7.65,0,4017,0,0,0,928426.54,37749.63,4017,0,94.3,0,0,0,0,2.61,0,19.38,0,0,0,0,0,799.39,0,0,20.88,0,0,0,0,0,0,0,0,0,0,0,0,0,0,0,0,0,0,-4.62,0,0,0,0,0,0,0,0,0,0,0,0,0,0,0,0,0,1,0,0,0,0,0,7,0,0
21/1/2024,32,0,15,1,1,0,0,0,0,1,1,1,0,0,32,0,15,1,1,0,0,0,0,1,3,4,3,2,0,0,3,7,2,3,4,0,9,14,14,6,3,3,4,7,2,3,5,0,9,15,13,6,3,3,0,9,0,0,0,0,2,11,7,6,10,0,0,8.5,9.5,4.5,7.5,4,0,42.5,4.5,8,2,3,4.5,0,9,15.5,15.5,7.5,4,3,0,80,50,100,75,0,56.25,67.39,53.45,53.57,50,17.65,57000,8,570,151,0,3956.01,0,22221.81,290.48,241.38,61.76,10.47,104.86,820.56,0,641.53,273.96,0,0,3159.05,0,0,1263.7,0,0,25.99,0,3.72,0,137.6,38.44,6.4,61.94,416.71,0,378.78,160.58,0,0,1653.44,0,0,847.74,0,0,15.42,0,2.2,0,41.03,0,40.73,41.18,48.5,0,40.92,44.9,0,0,47.43,0,0,41.28,0,0,40.68,0,0,0,47.31,37.76,37.28,40.85,52.93,0,41,36.35,0,0,48.46,0,0,29.88,0,0,0,0,40.91,0,33,430,208620.23,0,13.16,3950.53,418.47,1443.97,0,2213.24,0,0,0,699.72,0,641.53,131.61,273.96,699.72,0,0,0,259.68,0,0,0,0,0,3979.61,348.78,0,0,331.22,1203.99,509.8,1263.7,1920.3,1085.76,0,0,0,0,-190.46,0,133.4,385,0,1605.44,0,97.52,25.99,1403.8,0,227.01,0,0,-2676,0,-303,3.72,120.64,0,0,0,22,6209,0,0,0,962159.17,22221.81,6231,0,58.91,0,0,0,40,4.71,0,0,0,52,71.46,0,0,817.4,0,0,2.2,0,0,0,0,0,0,0,0,0,0,0,0,0,0,0,0,0,0,0,0,0,0,0,0,0,0,0,0,0,0,0,0,0,0,0,0,4,0,0,0,0,0,54.29,0,0
22/1/2024,39,1,35,1,0,0,0,0,0,2,7,4,0,0,39,1,28,0,2,1,1,3,1,5,6,4,2,1,3,0,3,4,2,3,2,1,6,14,12,6,3,4,4,8,2,3,2,1,8,19,13,10,3,4,8,22,3,2,7,4,23,26,20,10,2,6,1.5,5,10,3.5,9,3,0,50.5,4,5,2.5,3.5,3.5,1.5,10,20,17,9,3,3.5,0,50,62.5,116.67,58.33,0,62.5,86.96,58.62,64.29,37.5,20.59,41500,3,415,256,0,3510.65,0,31221.23,378.44,98.86,92.96,0,44.78,335.37,32.31,404.54,115.31,0,72.12,3107.11,0,0,1086.77,142.77,18.36,18.65,4.25,48.6,35.05,56.95,56.64,0,26.12,167.43,19.1,240.66,61.67,0,42.2,1710.42,0,0,670.46,87.56,10.8,11.77,2.23,29.85,20.72,43.4,0,0,41.69,47.69,40.87,40.34,50.65,0,0,45.94,0,0,40.94,41.4,0,40.71,0,39.82,40.95,39.16,39.07,0,41.56,62.99,0,40.78,40.41,0,41.49,-52.81,0,0,37.51,37.66,41.18,32.17,47.46,34.53,40.03,72,426,209337.18,0,9.87,2688.36,236.6,2843.41,76,1202.04,632.5,78,32.31,-699.72,662,404.54,131.61,115.31,699.72,0,0,0,382.52,162.19,32.85,72.12,0,0,3442.48,-417.04,230.31,0,100.9,503.4,360.7,1086.77,1365.35,603.2,0,10.92,1365.48,142.77,2366.4,76.77,72.38,738,18.36,1122.88,76.77,499.86,18.65,842.28,0,197.4,0,4.25,5084.4,29.61,47.5,48.6,776.48,39.1,569.02,35.05,622,90176.74,0,0,0,978149.98,31221.23,90798.74,0,86.88,0,0,0,540.4,15.3,0,0,0.71,1711.51,2553.54,766.8,0,1012.47,0,0,3.42,0,0,0,0,0,0,0,0,0,0,0,0,0,0,-2360.68,0,0,0,-205.21,0,0,0,0,0,0,0,0,0,0,0,0,0,0,2,4,0,4,0,0,5.02,2490,0,248.07,0,0
23/1/2024,30,4,33,1,2,0,0,0,0,0,3,3,0,0,30,4,13,0,0,0,0,0,4,2,3,2,3,1,2,0,4,12,2,3,3,4,8,19,15,9,2,3,4,15,3,3,6,1,15,17,14,12,3,4,9,0,0,2,0,0,6,12,13,5,18,1,4.5,11,9.5,4.5,12,2,1,54.5,4.5,11,2,3,4.5,4.5,11.5,21.5,18,12,3,3.5,0,110,50,100,75,0,71.88,93.48,62.07,85.71,37.5,20.59,154500,13,1545,200,0,3984.35,0,43843.39,442.86,254.83,75.34,2.48,17.51,664.59,8.14,951.86,287.49,0,21.21,3297.76,0,0,6138.31,9.37,1.68,69.52,7.31,4.42,16.72,138.7,45.37,1.47,10.39,327.58,4.81,561.92,160.82,0,12.24,1747.9,0,0,3928.79,6.2,0.99,40.71,4.42,2.55,10.08,40.21,0,40.73,42.52,49.28,40.87,41.09,47.3,0,41.33,46.93,0,0,41.88,40.89,40.97,38.91,41.94,0,38.27,51.42,39.78,0,39.56,55.81,0,40.48,40.3,0,43.37,47.39,0,0,33.98,29.91,0,43.6,35.87,42.28,42.63,70,403,176647.92,0,0,3137.83,350.16,2143.69,2862,579.08,0,2085.75,8.14,699.72,0,951.86,398.87,287.49,1749.3,0,0,0,0,0,0,21.21,0,0,3962.35,141.43,76.77,0,829.45,2262.79,1034.15,6138.31,5146.8,1104.32,0,19.74,-744.75,9.37,2951.04,0,19.74,831.5,1.68,1861.56,0,188.08,69.52,1403.8,0,6.58,109.48,7.31,267.6,0,90,4.42,501.12,0,257.41,16.72,1650,9602.64,0,0,0,918572.47,43843.39,11252.64,0,82.61,0,0,0,40,10.32,0,3.76,0,2947.18,1542.08,0,0,1305.34,0,0,9.18,0,0,0,0,0,0,0,0,0,0,0,0,0,0,-24.7,0,0,0,0,0,0,0,0,0,0,0,0,0,0,0,0,0,0,0,0,1,6,0,4,0,0,222,623.5,0,1386.4
24/1/2024,29,4,26,1,2,0,0,0,0,0,0,3,0,0,29,4,23,0,0,0,0,1,5,2,8,6,3,1,1,0,5,12,3,3,7,4,13,15,14,9,4,3,5,14,3,3,6,1,18,14,17,11,2,6,0,4,0,0,1,2,12,12,16,6,2,3,5,14.5,11,7,11.5,2.5,0,58,5,14.5,3,3,7,5,16.5,17.5,19.5,11.5,3.5,3.5,0,145,75,100,116.67,0,103.13,76.09,67.24,82.14,43.75,20.59,165000,15,1650,204,0,5290.89,0,37456.74,342.07,114.73,76.84,0,30.53,861.34,19.95,791.9,148.77,0,53.43,4448.22,0,0,4753.47,6.21,17.03,52.02,13.36,1.28,13.94,69.37,45.85,0,17.93,421.63,11.78,467.23,76.44,0,31.18,2383.77,0,0,3133.97,4.99,10.76,32.17,7.14,0.76,9.25,39.71,0,0,41.43,49.23,40.94,40.71,52.09,0,43.14,46.46,0,0,42.88,40.81,41.43,39.7,46.7,39.95,38.43,38.74,40.33,0,41.13,64.43,0,41.3,41.04,0,41.46,46.23,0,0,-323.86,-55.75,29.25,36.66,40.57,41.12,9.69,74,385,167696.75,0,3.29,2567.14,222.1,1793.83,15,1584.37,664.61,53,19.95,-4198.32,314.25,791.9,221.13,148.77,1049.58,0,0,0,368.52,46.06,0,53.43,0,219,5309.56,190.7,553.42,0,979.39,2598.39,1121.84,4753.47,5638.5,1828.16,0,384.93,16,6.21,1605.44,226.77,42.77,467,17.03,2088,0,571.14,52.02,1566.2,0,0,0,13.36,535.2,96.6,299.25,1.28,482.56,0,60,13.94,1327,4174,19145.28,0,219,951163.22,37237.74,24646.28,219,66.25,0,10.66,2.63,0,5.97,0,4.92,26.85,3861.78,6885.9,0,1.2,1738.25,0,0,4.32,7.96,0,0,0,0,0,0,0,-0.4,0,0,0,0,0,-514.04,-1379.7,0,0,-42.29,0,0,0,0,0,0,0,0,0,0,0,0,0,0,0,6,5,6,0,4,0,2731,7441.17,98.92,0,415.13
25/1/2024,28,2,23,0,1,0,0,0,0,0,2,0,0,0,28,2,31,1,1,0,0,4,2,5,11,5,1,2,1,0,6,12,3,3,3,1,14,14,17,12,0,5,6,11,2,3,3,1,16,15,17,13,0,5,10,12,0,0,10,0,11,13,10,2,3,2,2,13,12.5,5,13,2,0,60,5.5,14,3,3,5,2,17,18.5,20,13,1,5.5,0,140,75,100,83.33,0,106.25,80.43,68.97,92.86,12.5,32.35,118500,15,1185,232,0,4432.66,0,43490.17,404.56,224.9,38.99,4.75,55.25,438.86,14.69,563.43,234.78,0,26.71,3975.13,0,0,2421.92,55.95,0.88,42.37,3.57,7.91,26.34,133.1,23.45,2.87,32.6,188.58,8.67,334.55,134.1,0,17.68,2139.23,0,0,1674.15,36.45,0.53,25.8,2.13,4.96,16.61,40.72,0,0,41.17,54.86,40.95,41.09,46.55,0,24.73,45.92,0,0,42.75,41.34,39.95,40.76,41.94,40.98,42.12,40.94,39.85,39.57,40.81,63.03,0,40.07,37.34,0,35.08,47.55,0,0,26.08,31.4,0,32.25,41.18,33.24,36.52,63,383,156029.81,0,3.29,2810.55,323.89,1443.97,86.95,2304.55,138,-454.25,14.69,5597.76,53,563.43,0,234.78,1049.58,0,0,0,368.52,486.92,0,26.71,0,0,4413.99,141.43,76.77,0,478.49,2546.39,779.6,2421.92,4037.4,1948.8,0,0,108,55.95,2913.92,307.08,120.36,737.25,0.88,1938.52,230.31,434.17,42.37,1566.2,0,1316.98,0,3.57,802.8,87.4,-159.39,7.91,870.8,85.1,96.52,26.34,644,-293.76,7819.81,0,0,963973.68,43490.17,8170.05,0,225.73,0,8.43,0,648.8,27.43,0,0,0,2272.39,5272.18,0,0,931.47,0,0,124.85,0,0,0,0,0,0,0,0,0,0,-4.62,0,0,0,-116.22,0,0,0,-49.57,0,0,0,0,0,0,0,0,0,0,0,0,0,0,0,4,0,3,0,4,0,3544,0,249.03,0,2376.84
26/1/2024,34,1,31,1,1,0,0,0,1,0,0,3,0,0,33,1,33,1,0,1,2,1,2,4,9,8,3,0,3,0,6,12,2,1,5,0,13,11,14,10,0,4,6,8,2,1,8,0,16,14,18,13,1,3,9,8,0,29,1,2,14,29,31,8,0,8,1.5,11,13.5,6,12.5,0.5,0,56,7.5,12,2.5,2.5,6,1.5,16,16.5,19.5,12.5,0,4.5,0,120,62.5,83.33,100,0,100,71.74,67.24,89.29,0,26.47,170000,11,1700,203,0,3113.24,0,39308.39,389.19,63.61,63.01,0,0,365.65,11.56,585.5,51.63,0,32.5,2766.53,0,0,3645.26,26.4,0,95.28,0,2.86,30.22,35.13,39.84,0,0,157.93,6.82,353.24,30.99,0,19.93,1437.06,0,0,2430.65,16.01,0,60.31,0,1.69,19.37,44.93,0,0,0,53.34,40.98,40.86,39.1,0,27.96,48.73,0,0,42.2,40.38,0,40.33,0,40.83,40.74,44.18,36.78,0,0,74.13,0,38.42,42.58,0,42.23,45.38,0,0,-324.38,39,0,31.87,0,0,-23.32,52,398,185318.95,0,0,1734.05,126.62,1749.3,1186.5,2474.93,13.16,675.42,11.56,1749.3,0,585.5,53,51.63,1049.58,0,0,0,184.26,210.56,0,32.5,0,0,3132.18,142.7,0,0,556.64,1927.19,1491.1,3645.26,5664.25,1828.16,0,108.57,21,26.4,1503.36,153.54,0,410.77,0,2300.44,0,679.39,95.28,1846.96,0,496.79,0,0,0,0,0,2.86,750.16,0,607.3,30.22,1100,59082.64,456.97,0,0,999293.8,39308.39,60639.61,0,56.66,0,0,0,0,5,0,0,36.62,2888.91,1250.63,0,0,1537.61,0,0,0,1.91,0,0,0,0,0,0,0,0,0,-14.02,0,0,0,-1087.43,-549.75,0,0,-177.9,0,0,0,0,0,0,0,0,0,0,0,0,0,0,1,3,7,6,0,1,3.5,4805,7095.5,908.76,0,121.1
27/1/2024,37,0,18,1,1,0,0,0,0,0,0,0,0,0,38,0,32,2,0,0,0,2,0,8,7,7,5,0,1,0,6,7,2,1,7,0,13,11,13,12,2,4,5,7,2,1,6,0,12,9,17,10,2,5,1,8,4,0,1,0,28,12,10,9,0,4,0,8,10,7.5,13.5,1.5,0.5,52,6.5,8.5,2,1,7.5,0,16,13,19,13.5,1.5,4.5,0,85,50,33.33,125,0,100,56.52,65.52,96.43,18.75,26.47,71500,6,715,126,0,4615.06,0,33840.83,363.88,197.82,59,4.42,119.07,595.79,0,719.28,0,0,0,4136.2,0,0,1224.32,2.72,0,0,0,0,4.08,111.61,36.14,2.55,69.56,298.4,0,425.73,0,0,0,2127.63,0,0,810.91,2.34,0,0,0,0,2.42,41.91,0,0,41.63,48.96,0,41.52,0,0,0,48.94,0,0,39.13,0,0,0,0,0,40.64,45.33,38.75,42.28,41.53,57.65,0,39.03,0,0,0,45.85,0,0,32.66,14.14,0,0,0,0,0,32,436,215275.44,0,16.45,5131.57,380.31,1749.3,0,1895.85,193.2,23,0,349.86,83,719.28,0,0,699.72,0,0,0,368.52,0,76.77,0,0,0,4731.99,0,0,0,379.48,1174.6,736.3,1224.32,2352.35,1503.36,0,282.94,917.47,2.72,1586.88,0,182.9,32,0,2179.8,76.77,1563.99,0,1868.98,76.77,395.26,0,0,267.6,0,0,0,361.92,0,251.52,4.08,660,3360,0,0,0,977962.58,33840.83,4020,0,59.6,0,0,0,630,0.08,0,0,0,20,40,0,0,675.22,0,0,0,0,0,0,0,0,0,0,0,0,0,0,0,0,0,0,0,0,0,0,0,0,0,0,0,0,0,0,0,0,0,0,0,0,0,0,0,2,0,0,0,0,0,21.27,0,0
28/1/2024,58,0,13,0,1,0,0,0,0,0,0,1,0,0,58,0,21,0,1,1,0,3,0,3,2,6,2,1,2,0,3,8,1,1,5,0,10,8,16,10,1,5,3,8,1,1,4,0,12,9,15,9,1,5,4,9,4,0,5,0,7,6,17,16,2,5,0,8,6.5,6,10.5,2,1,44.5,4,8,1.5,1,6,0,12,9.5,19,10.5,1.5,5.5,0,80,37.5,33.33,100,0,75,41.3,65.52,75,18.75,32.35,27000,4,270,141,0,2462.37,0,23395.96,298.04,187.33,67.27,6.58,67.4,532.26,0,541.95,297,0,0,2043.87,0,0,331.75,3.23,4.08,79.89,0,0,15.81,107.62,40.76,3.82,39.76,247.2,0,321.73,162.91,0,0,1074.94,0,0,257.91,1.88,2.4,50.36,0,0,9.36,44.16,0,0,41.49,52.89,0,41.58,49.48,0,0,47.35,0,0,42.04,41.88,0,40.8,0,0,40.8,40.92,39.41,42.01,40.31,55.43,0,39.07,35.05,0,0,47.7,0,0,-346.46,0,41.18,17.81,0,0,0,26,489,245026.09,0,3.29,5337.78,328.58,1049.58,0,1455.6,27.1,0,0,1399.44,0,541.95,131.61,297,349.86,0,0,0,307.1,23.03,19.74,0,0,0,2576.13,0,0,0,189.74,700.59,86.8,331.75,940.8,1345.6,0,0,16,3.23,723.84,0,23,-378,4.08,2402.52,0,557.3,79.89,1447.84,0,69.16,0,0,267.6,41.4,0,0,361.92,0,317.3,15.81,132,3461,0,0,0,1007783.41,23395.96,3593,0,62.36,0,0,0,40,30.5,0,1.5,0,0,0,0,0,543.53,0,0,0,0,0,0,0,0,0,0,0,0,0,0,0,0,0,0,0,0,0,0,0,0,0,0,0,0,0,0,0,0,0,0,0,0,0,0,0,1,0,0,0,0,0,4.81,0,0
29/1/2024,50,1,36,1,2,0,0,0,0,0,2,3,0,0,50,1,25,0,3,0,0,1,1,5,3,8,3,0,2,0,3,5,1,1,3,1,8,11,15,9,1,5,4,6,1,1,3,0,16,14,17,11,2,4,10,10,0,0,4,0,15,11,18,19,0,5,1,7.5,6,3.5,11.5,2.5,1,51,4,7.5,1,1,3.5,1,14,13.5,20.5,11.5,1.5,5,0,75,25,33.33,58.33,0,87.5,58.7,70.69,82.14,18.75,29.41,52000,8,520,186,0,2358.65,0,30120.86,358.58,194.26,108.65,0,95.13,365.46,15.52,430.56,189.31,0,10.6,1979.76,0,0,1029.04,90.59,0,42.99,2.66,24.6,33.14,117.48,66.03,0,57.36,166.71,9.18,253.37,105.49,0,5.99,1004.24,0,0,709.77,56.52,0,26.83,1.75,16.01,21.36,40.95,0,0,41.2,51.03,40.88,41.89,48.47,0,0,51.06,0,0,41.11,40.58,0,40.97,0,40.77,39.83,33.58,39.23,0,38.38,68.88,0,37.67,34.07,0,43.52,46.23,0,0,-331.44,35.76,0,30.44,34.3,22.89,23.51,122,443,239688.55,0,13.16,5167.73,398.04,1399.44,15,1401.66,131.1,69,15.52,349.86,0,430.56,131.61,189.31,349.86,0,0,0,307.1,49.35,141.77,10.6,0,2989.54,2345.22,24,230.31,0,410.17,1759.4,303.3,1029.04,1710.8,1345.6,0,0,672,90.59,825.92,76.77,0,267.02,0,1817.88,153.54,501.13,42.99,1425.82,0,-6.58,43.8,2.66,535.2,0,0,24.6,603.2,0,293.13,33.14,0,247534.33,2693.65,0,2989.54,1027586.37,27131.32,250227.98,2989.54,100.38,0,0,0,0,69.42,0,0,0,977.89,153.95,0,0,1026.73,0,0,121.96,1.2,8.27,0,0.6,0,0,0,0,0,0,-2.31,0,0,0,-1021.62,-500,0,0,-161.2,0,0,0,0,0,0,0,0,0,0,0,0,0,0,0,4,1,4,0,2,0,7479,273,534.68,0,9280
30/1/2024,40,4,35,1,1,0,0,0,0,0,4,2,0,1,41,4,17,0,1,0,1,1,5,3,2,3,3,0,2,0,5,7,1,1,2,9,14,13,15,8,4,4,4,8,1,2,2,5,16,19,19,10,6,5,0,12,0,0,6,0,9,9,11,13,0,5,9.5,7,8,2.5,10.5,6.5,0,56.5,5,7,1,2,2.5,9.5,15.5,18.5,20,10.5,4.5,4.5,0,70,25,66.67,41.67,0,96.88,80.43,68.97,75,56.25,26.47,119800,8,1198,212,0,4104.48,0,41136.5,409.32,156.69,90.93,1.7,60.33,609.85,7.43,443.97,317.12,0,15.54,3458.1,0,0,5598.39,44.06,0,28.14,0,0,23.71,94.82,54.18,0.92,35.49,276.37,4.39,264.11,180.46,0,9.58,1783.29,0,0,3526.5,33.35,0,16.03,0,0,14.75,39.35,0,0,41.32,54.47,40.92,41.53,45.15,0,0,49.07,0,0,41.16,40.72,0,40.87,0,0,40.84,40.32,40.41,45.69,40.77,55.22,0,39.85,40.44,0,38.38,46.81,0,0,36.39,3.57,0,46.35,0,0,14.14,59,446,213724.35,0,7.28,3985.81,309.65,1749.3,331.75,557.85,319.7,77,7.43,349.86,1092,443.97,344.87,317.12,349.86,0,189,0,245.68,0,50,15.54,0,0,4067.95,8,76.77,0,449.97,1527.79,1288.11,5598.39,4012.67,2310.72,0,0,641,44.06,1883.84,0,131.6,649,0,1948.8,0,1181.65,28.14,1544.18,0,92.12,578.5,0,535.2,0,610,0,723.84,0,436.82,23.71,1368,8289,48808.78,0,0,807479.25,41136.5,58465.78,0,106.61,0,0,0,0,2.9,0,1.8,0,38.51,1814.89,0,0,807.77,0,0,11,0,0,0,0,0,0,0,0,0,0,0,0,0,0,-7,0,0,0,-0.33,0,0,0,0,0,0,0,0,0,0,0,0,0,0,1,1,3,11,0,0,3.18,7617,6932.5,403.19,0,0
31/1/2024,33,1,28,0,1,1,0,0,0,0,2,1,0,0,33,1,30,0,1,0,1,0,2,3,7,9,3,2,3,0,3,5,1,1,2,6,15,21,19,9,4,3,5,9,1,2,2,5,15,16,23,9,4,4,3,14,0,1,0,1,5,5,21,5,3,3,6.5,7.5,7,2,10.5,7,0,67,3.5,7.5,1.5,2,2,6.5,15.5,23,26,10.5,5,4.5,0,75,37.5,66.67,33.33,0,96.88,100,89.66,75,62.5,26.47,241500,19,2415,203,0,3753.47,0,62853.08,584.68,100.91,30.81,0,33.21,459.71,4.07,303.39,100.9,0,70.21,3160.27,0,0,7480.84,61.95,8.08,56.08,4.76,6.8,11.59,60.52,18.66,0,20.52,202.7,2.41,178.8,55.7,0,43.91,1541.77,0,0,4763.02,37.31,4.76,37.47,2.8,4,6.86,42.29,0,0,41.89,56.54,40.87,40.73,49.76,0,36.14,51.13,0,0,41.56,41.49,43.43,40.9,0,0,40.76,34.97,39.43,0,36.77,54.75,0,41.56,39.38,0,37.72,51.54,0,0,-320.25,39.52,39.16,20.74,41.18,41.18,41.32,84,426,215697.26,17233,6.58,2640.31,164.93,1399.44,-1171.5,1543.77,233.69,-1104.72,4.07,-82.26,0,303.39,0,100.9,699.72,76.77,21,0,122.84,0,0,70.21,0,0,3619.98,664.91,476.65,0,1312.56,3188.2,2120.86,7480.84,7945.35,1707.52,0,70.46,256.35,61.95,1828.16,230.31,269.78,739.5,8.08,1617.72,76.77,689.6,56.08,1403.8,0,1286.39,0,4.76,2303.12,111.86,61,6.8,482.56,0,497.43,11.59,90,-75649.92,48774.78,0,17233,790149.97,45620.08,-26785.14,17233,68.39,0,0,0,283.38,15.28,0,0.3,15.48,5235.43,1400.43,260,0,878.85,0,0,228.27,2,0,0,0,0,0,0,0,0,0,0,0,0,0,-397.54,-573.53,0,0,-104.29,0,0,0,0,0,0,0,0,0,0,0,0,0,0,0,0,5,3,0,5,0,0,7911.9,246.91,0,5328.95
